title,status,boomerTags,hint,note
The Baby in Yellow,finished,,,
Granny Legacy,finished,,,as written; may be a fan game
Inferis: Dead Below,finished,,,
Joyville 2,finished,,,
Silent Breath,finished,,,
Tales Beyond the Tomb - Pineville Night Stalker,finished,,,
True Nightmare - Roadside Cafe,finished,,,
9 Childs Street,finished,,,
Amanda the Adventurer,finished,,,
Amenti,finished,,,
April 24th,finished,,,
At Dead of Night,finished,,,
The Beast Inside,finished,,,
Blood Bear,finished,,,
Bloodwash,finished,,,
The Cabin Factory,finished,,,
Clink,finished,,,
The Convenience Store,finished,,Chilla's Art,
The Cursed Tape,finished,,,
Dead Space,finished,,,original 2008 or the 2023 remake? ask
Deadly Night,finished,,,
Demonologist,finished,,,
Devour,finished,,,
Don't Scream,finished,,,
Evil Nun: The Broken Mask,finished,,,
Fears to Fathom - Home Alone,finished,,,listed as Episode 1
Fears to Fathom - Norwood Hitchhike,finished,,,listed as Episode 2
Fears to Fathom - Carson House,finished,,,listed as Episode 3
Fears to Fathom - Ironbark Lookout,finished,,,
Fears to Fathom - Woodbury Getaway,finished,,,
Fear of Road,finished,,,
Find Yourself,finished,,,
Five Nights at Freddy's,finished,,2014,
Five Nights at Freddy's 2,finished,,,
Five Nights at Freddy's: Secret of the Mimic,finished,,,
The Forest,finished,,2018,
Fork Road,finished,,,
Garten of Banban,finished,,,the first game
Granny,finished,,DVloper,
Granny: Chapter Two,finished,,DVloper,
Granny 3,finished,,DVloper,
Granny 4: The Rebellion,finished,,,may be a fan game
Granny 5: Time to Wake Up,finished,,,may be a fan game
Granny Escape Together,finished,,,
Granny Remake,finished,,,
Helldivers 2,finished,,,not a horror game; added anyway
Hellseed,finished,,,
Indigo Park,finished,,,
Joyville,finished,,,the first game
Labyrinthine,finished,,,
The Last Visit: 98th,finished,,,
Limoria,finished,,,
Locked Up,finished,,,
Lost Luminosity,finished,,,
Metel - Horror Escape,finished,,,
Metro 2033 Redux,finished,,,
Metro: Last Light,finished,,,original or Redux? ask
The Mortuary Assistant,finished,,,
Night Delivery,finished,,,
Night Security,finished,,,
Order 13,finished,,,
Pacify,finished,,,
Pieces of Me,finished,,,
Poppy Playtime,finished,,,Chapter 1
September 7th,finished,,,
Silverpine Creek,finished,,,
SlackJaw,finished,,,
Sons of the Forest,finished,,,
Stay Out of the House,finished,,,
Still Wakes the Deep,finished,,,
Supernormal,finished,,,
Tattletail,finished,,,
Tales Beyond the Tomb - The Farm's Secret,finished,,,
Tales Beyond the Tomb - The Last Vigil,finished,,,
Tales Beyond the Tomb - Route 86,finished,,,
There's Something in the Ice,finished,,,
The Twins,finished,,,
Wick,finished,,,
Witch's Doll,finished,,,
Zoochosis,finished,,,
Alien: Isolation,finished,VR,,played in VR
Alien: Rogue Incursion,finished,VR,,Part One
The Exorcist: Legion VR,finished,VR,,
Five Nights at Freddy's: Help Wanted,finished,VR,,
Granny VR,finished,VR,,may be a fan game
Half-Life: Alyx,finished,VR,,
Hello Puppets! VR,finished,VR,,
Home Sweet Home,finished,VR,,played in VR
Madison VR,finished,VR,,
The Midnight Walk,finished,VR,,
Narcosis,finished,VR,,played in VR
Phasmophobia,finished,VR,,played in VR
