title,steam,status,score,verdict,legacy_streams,legacy_minutes,legacy_last
Granny: Chapter Two,,finished,9,Granny hears everything.,12,1800,2025-11-02
,https://store.steampowered.com/app/1245620/ELDEN_RING/,abandoned,6,,3,420,2025-03-10
Silent Hill 2,,playing,,,,,
"Lethal Company",,wishlist,,,,,
Resident Evil,,wishlist,,,,,
Totally Unknown Game,,wishlist,,,,,
Midnight Desire,,wishlist,,,,,
Granny: Chapter Two,,wishlist,,,,,
Haunted Hollow: Standalone Chapter,,sideways,,,,,
Hell Carnage,,finished,11,,,,
